Time,Loss,
7.8382,0.513929,
15.8344,0.504741,
23.7185,0.499937,
31.3062,0.497652,
38.9252,0.495914,
46.3582,0.493762,
